#{"t_start": 1758872154.709798, "env_id": "None"}
r,l,t,success,distance
-116.575415,500,5.172301,False,0.14857296645641327
-96.615591,500,7.716851,False,0.13366776704788208
4.916107,1,7.726825,True,0.028643596917390823
-104.642524,500,10.319818,False,0.16519887745380402
-116.302229,500,12.835096,False,0.21011605858802795
-119.721722,500,16.072014,False,0.3163983225822449
-199.439196,500,19.058167,False,0.31745508313179016
-206.534165,500,22.05809,False,0.3439445197582245
-112.404589,500,25.14595,False,0.15531885623931885
-121.828124,500,28.390069,False,0.20190483331680298
-143.248963,500,32.141078,False,0.23388448357582092
-116.934565,500,36.230459,False,0.17605653405189514
-207.958961,500,39.352879,False,0.38580241799354553
-75.277209,500,42.042323,False,0.12393473088741302
-75.182492,500,45.193476,False,0.09792695939540863
-124.817602,500,48.005442,False,0.28178146481513977
-237.342034,500,50.860556,False,0.3823334276676178
-98.451613,500,53.787527,False,0.11538872122764587
-199.829013,500,56.842237,False,0.3677273392677307
-140.222359,500,59.545959,False,0.22714565694332123
-122.014767,500,62.621995,False,0.15348678827285767
-169.816783,500,65.452803,False,0.36832159757614136
-116.557784,500,68.325774,False,0.18414056301116943
-103.473953,500,71.321098,False,0.1859470009803772
-224.16792,500,74.771179,False,0.4060709774494171
-178.928156,500,77.654434,False,0.24820870161056519
-132.800253,500,80.673268,False,0.10644331574440002
-44.021347,260,81.740578,True,0.04894503578543663
4.072152,8,81.774657,True,0.04953628405928612
-119.009626,500,84.521395,False,0.20158308744430542
-86.403458,500,87.339342,False,0.1489364504814148
-110.808993,500,90.261722,False,0.15162789821624756
-84.467902,500,99.439731,False,0.07439030706882477
-78.46311,500,102.570698,False,0.08239509910345078
-168.846723,500,105.765132,False,0.3399273157119751
-117.986598,500,108.579406,False,0.15315942466259003
-160.918796,500,111.317054,False,0.25144779682159424
-119.128153,500,114.171947,False,0.1455785483121872
-166.485022,500,117.068163,False,0.3291599750518799
-79.485222,500,119.941397,False,0.09183122962713242
-116.578779,500,122.953994,False,0.2444823533296585
-131.224841,500,125.92048,False,0.27342653274536133
-94.695712,500,128.828764,False,0.1600751429796219
-120.009898,500,131.774153,False,0.07032538205385208
-138.467725,500,135.256704,False,0.2741006910800934
3.727145,11,135.308598,True,0.04807266965508461
-85.411866,500,138.359298,False,0.11718342453241348
-170.251407,500,141.515734,False,0.33029961585998535
-120.421337,500,144.373595,False,0.1694687157869339
-2.525246,47,144.569542,True,0.0499357245862484
-120.627717,500,147.519677,False,0.18900392949581146
-146.161225,500,150.423449,False,0.18915754556655884
-29.342491,229,151.306611,True,0.048992469906806946
4.909028,1,151.323797,True,0.04415219649672508
-141.155549,500,154.230589,False,0.19424693286418915
-147.667432,500,157.22249,False,0.23180562257766724
-123.340273,500,160.170174,False,0.22965854406356812
-113.586353,500,163.036264,False,0.12017049640417099
-90.65308,500,165.916841,False,0.18955057859420776
-24.887606,167,167.586538,True,0.04840480536222458
-78.989439,500,170.538114,False,0.055140841752290726
-121.158903,500,173.57785,False,0.1630290001630783
-124.185008,500,176.406778,False,0.3305019736289978
-78.041219,500,179.103907,False,0.07320213317871094
-69.324354,354,180.281452,True,0.04746577888727188
-30.098471,225,182.10764,True,0.046195462346076965
-91.390887,500,184.986247,False,0.07007717341184616
-98.510471,500,194.072014,False,0.16833440959453583
-84.077551,500,197.00718,False,0.08572220057249069
-130.215461,500,199.952374,False,0.18135742843151093
-105.59246,500,203.02035,False,0.2974744737148285
-108.155509,500,205.964133,False,0.18199464678764343
-168.8537,500,208.850209,False,0.281326562166214
-89.155628,500,211.659885,False,0.18838360905647278
-24.819818,160,212.179065,True,0.04835499823093414
-3.406964,67,212.42556,True,0.046996597200632095
-114.00493,500,215.283214,False,0.08212172985076904
-116.64286,500,218.113612,False,0.17706428468227386
-140.966409,500,221.032558,False,0.19743044674396515
-81.693697,500,223.928947,False,0.13856597244739532
-136.045909,500,226.881612,False,0.3103961646556854
4.909283,1,226.898685,True,0.03880169987678528
-81.000964,500,230.081268,False,0.22152043879032135
-118.511806,500,233.084862,False,0.299255907535553
-107.944485,500,236.00418,False,0.29215314984321594
-140.064027,500,239.01404,False,0.07582360506057739
-124.084441,500,242.049925,False,0.30441975593566895
-25.865288,184,242.744312,True,0.04980958625674248
-92.801674,500,245.710497,False,0.05609307065606117
-79.433382,500,248.628268,False,0.07157279551029205
-219.144749,500,251.546448,False,0.4157261848449707
4.915664,1,251.556636,True,0.043202850967645645
-126.414048,500,254.716902,False,0.21049775183200836
-105.172934,500,257.609014,False,0.14634571969509125
-130.226678,500,260.489589,False,0.22418223321437836
-117.673242,500,263.492906,False,0.16152061522006989
0.160542,37,263.66408,True,0.045498140156269073
-140.646473,500,266.710058,False,0.1955651491880417
-9.817156,104,267.089483,True,0.048832863569259644
-132.388417,500,269.967892,False,0.18062898516654968
-36.751857,240,271.952863,True,0.04895184934139252
-89.486212,500,275.367721,False,0.11115783452987671
-147.682253,500,278.270099,False,0.25779032707214355
-137.909323,500,287.08616,False,0.31159889698028564
-120.230045,500,290.012918,False,0.20230284333229065
-147.151381,500,292.956228,False,0.32502225041389465
-164.096191,500,295.914227,False,0.3785156011581421
-12.150196,123,296.416727,True,0.04995141550898552
-159.654431,500,299.410254,False,0.3532288074493408
-34.862334,216,300.235229,True,0.049711596220731735
4.902622,1,300.246214,True,0.04497639834880829
-146.042878,500,303.108749,False,0.24777179956436157
-4.204427,61,303.313063,True,0.04875379800796509
-147.15363,500,306.147026,False,0.29411831498146057
-150.144742,500,309.050114,False,0.20413286983966827
-112.355803,500,312.017242,False,0.1404372602701187
-98.026138,500,315.383693,False,0.20803388953208923
-4.704007,69,315.730942,True,0.04922516644001007
-125.489287,500,319.179521,False,0.18016931414604187
-71.36803,500,322.556026,False,0.08064544945955276
-131.716238,500,325.893218,False,0.3260085880756378
-87.063985,500,329.07442,False,0.1356016993522644
-110.163367,500,332.457819,False,0.16263917088508606
-118.902913,500,335.73289,False,0.16584613919258118
-117.951567,500,339.003759,False,0.19792722165584564
-70.346292,500,341.994814,False,0.11550747603178024
-140.491266,500,344.953006,False,0.20264217257499695
-140.085375,500,348.015015,False,0.22011412680149078
-126.781058,500,351.253545,False,0.21237365901470184
4.909275,1,351.265409,True,0.04260564595460892
-120.281934,500,354.242642,False,0.18364852666854858
-133.455078,500,357.258697,False,0.29680365324020386
-143.48816,500,360.242827,False,0.21800991892814636
-95.423147,500,363.26725,False,0.13343080878257751
-130.533074,500,366.469213,False,0.21756136417388916
-107.701717,500,369.641582,False,0.10154274851083755
-122.50654,500,372.762036,False,0.11180855333805084
-136.709229,500,375.907879,False,0.20608794689178467
-124.509161,500,384.386319,False,0.2651522755622864
-103.041927,500,387.669604,False,0.18233032524585724
-131.292569,500,391.004823,False,0.2260863333940506
-119.763554,500,393.963788,False,0.2767049968242645
-162.638331,500,397.088396,False,0.27585771679878235
-104.989458,500,400.206643,False,0.10510905086994171
-81.697452,500,403.171439,False,0.09740615636110306
-115.833488,500,406.299169,False,0.17864423990249634
-141.45852,500,409.789977,False,0.2470795214176178
-116.649015,500,412.826871,False,0.18718720972537994
-12.988877,104,413.170609,True,0.04671457037329674
-103.964709,500,416.407279,False,0.16155624389648438
-92.013679,500,419.510294,False,0.16965651512145996
-22.369062,120,419.952176,True,0.04807184264063835
-1.098322,38,420.100082,True,0.04706893861293793
-78.884735,500,423.097176,False,0.19417262077331543
-100.951448,500,426.081434,False,0.13025227189064026
-95.136885,500,429.112217,False,0.20406652987003326
-135.758953,500,432.159834,False,0.2729383111000061
-62.326894,325,434.575363,True,0.04845508560538292
-12.461004,120,435.09653,True,0.04994136095046997
1.219056,31,435.240634,True,0.04958047717809677
-137.403399,500,438.280616,False,0.18606314063072205
-107.95197,500,441.461242,False,0.21703580021858215
-87.406103,500,444.642552,False,0.15022209286689758
-148.133465,500,447.692694,False,0.31042203307151794
-126.709156,500,450.672013,False,0.2172129899263382
-41.890948,207,451.454363,True,0.049322761595249176
-0.326209,47,451.633006,True,0.04791385307908058
-27.137781,225,453.503494,True,0.04990757256746292
-147.512733,500,456.732447,False,0.1675228476524353
-10.543062,112,457.193016,True,0.049396175891160965
-6.811625,87,457.550136,True,0.04985957220196724
-24.861828,242,459.663232,True,0.049311548471450806
-95.824708,500,462.676034,False,0.18033532798290253
-108.372661,500,465.845605,False,0.17871254682540894
-82.299689,500,467.81309,False,0.10730845481157303
-125.231154,500,470.886971,False,0.16653946042060852
-107.169351,500,473.821222,False,0.13727661967277527
-107.79984,500,483.060991,False,0.19799408316612244
